Timestamp,Department,Course Number,Semester,DCID (EX: DC1233 or DCF2456),Assignment (Early or Late),"Assignment Type
(This is labeled in the data assignment spreadsheet).",CXT1,CXT1 Comments,CXT2a,CXT2a Comments,CXT2b,CXT2b Comments,CXT3,CXT3 Comments,CXT4a,CXT4a Comments,CXT4b,CXT 4b Comments,Overall Comments/Concerns,Coder,"Number of Pages
(Type the number of pages in the artifact. For instance, if an artifact has 12 pages, type 12.)"
5/14/2026 19:36:51,Psychology,85221,F21,DC620173,Late,Final Paper,3.5,"clearly identifies the subject, hypothesis, and frames it around specific how and why questions about decision-making and development",2,"mixed sources and might not all be very good sources, I'm not too sure",2.5,"theories are used along with interview findings, good clarity",NA,"There is some engagement with generational differences, but I don't think the analysis are connected that well ",2,"3 theoretical traditions are identified and described, but not used effectively",NA,"Contains personal beliefs about parenting, grounded in the interview analysis and theoretical frameworks",,Lulu,
5/14/2026 21:44:46,Psychology,85221,F21,DC620173,Late,Final Paper,3.5,clearly state the previous studies and research questions,3,An appropriate amount of source materials,2.5,have information but do not support all major statements,NA,N/A,2,identified,NA,N/A,,Grace,
5/15/2026 5:00:43,Psychology,85221,F21,DC620173,Late,Final Paper,3,"The author well describes who, what, where, when, why, and how as the paper well describes the background of the interviewees and the following outcomes. ",2,"The variability of the interviewees backgrounds is not diverse. But throughout the paper, the author does mentions and applies official resources. ",2,"When explaining the claims the author made, the author frequently uses the official resources but not constantly. ",NA,,2,"The overall idea of the paper developed over time by adding on different new information. However, it feels like the author was revolving around the similar concept too much. ",NA,,,Noah,
5/15/2026 16:06:26,Psychology,85221,F21,DC240712,Late,Final Paper,1.929,Stated the factors,2,,2.571,,,,2.286,,,,,Reconciled Code,6
5/19/2026 21:00:22,LCAL,82273,F24,DC26027,Late,Final Paper,2,"The paper talks regarding the background info about high school girl Japan and China uniform with the valid facts following behind them. However, there isn't that much depth to it. ",2,"The paper has 3 anime as its evidence and each anime doesn't overlap when it comes to ideas but explains different points regarding the JK culture. However, since these are anime not official sources, I wanted to give 2 rather than 3. ",3.5,The paper utilizes the anime's as evidence very well as the paper explains each in detail in how they shaped different aspects of the JK culture. Each anime doesn't overlap but supports each other points. ,3,The paper starts talking about the idea since 19th century with valid reasonings. ,2.5,"The idea developed very well over time as each anime talks about different aspects about JK not overlapping. However, it was hard to connect all of these ideas. ",2,"The student does talk about the student's own way of thinking but it is only shown at the end of the paper, making it hard to connect with multiple ideas shown in the paper. ",,Noah,19
5/18/2026 12:13:33,Psychology,85221,F21,DC373098,Late,Final Paper,2.9,,2.8,,3,,,,3,,,,,Reconciled Code,8
5/18/2026 12:17:34,Psychology,85221,F21,DC280995,Late,Final Paper,2,,1.625,,2,,,,2,,,,,Reconciled Code,5
5/18/2026 12:30:33,Psychology,85221,F21,DC109963,Late,Final Paper,2.5,,1.714,,1.714,,NA,,2,,NA,,,Reconciled Code,10
5/19/2026 21:39:28,LCAL,82273,F24,DC26027,Late,Final Paper,3,The student clearly states all the factors in the rubric and uses source materials to support them.,2.5,The student used adequate and meaningful evidence throughout the whole article.,2.5,The source materials are used to support most but not all major points.,3,The student identifies the subject of study and also explains how it relates to the Japanese social phenomenon.,2.5,"The student identifies a tradition, but how this tradition is connected to the way of thinking is not explained fully.",1.5,"The student did not show many personal thoughts in this article, but shows more on the reflection of this film.",,Grace,19
5/21/2026 15:20:30,LCAL,82273,F24,DC26027,Early,Short Paper,2,,2,,3,,2,,2,,1.75,,,Reconciled Code,6
5/21/2026 15:28:53,LCAL,82273,F24,DC26091,Early,Short Paper,2,,2,,3,,2,,2,,1,,,Reconciled Code,8
5/20/2026 0:33:28,LCAL,82273,F24,DC26148,Late,Final Paper,3,"The student identifies 3 factors that will influence their analysis of hikikomori, framing in how and what questions. The student then uses background information from relevant scholarly source material to justify the approach for these 3 factors by motivating their potential effects to creating hikikomori. Eventually, the student will analyze these factors with their analysis of the book ""Welcome to the NHK"" as well as other sources to explore each of the factor's relationship with hikikomori and connect to the overall issue of hikikomori in Japan. ",3,"The student uses appropriate and relevant source materials to motivate the study of hikikomori. The student also included 5 different source materials, which is more than enough for the minimum requirement of the assignment. ",3.5,"The student provides a good amount of information from each of the source materials to support the major points of their hypothesis and the research questions/factors. Their interpretations of the source materials was also well explained for each major point. However, the student could have incorporated more source material to support their point when talking about the influence of economic stagnation on hikikomori. ",3,"The student does a good job explaining at how hikikomori was a result of the rapid economic growth of Japan after World War II, and the cultural and economic effects of the economic growth on the expectations of the younger generations from parents and society, which leads to the widespread issue of hikikomori in the 1980s and 1990s. ",3,"The student explores and explains the different cultural and social dynamics that contributes to hikikomori in Japan and talks about how these dynamics change throughout the period of post-WW2 and the 1990s. The student also talks about how these dynamics and factors have caused Japanese parents to think differently about what is defined as a successful child in their eyes, further explaining the development of Japanese ways of thinking over time. ",3,"The student reflects on how hikikomori is reflected in other East Asian countries like China, which is the culture that the student comes from, and more broadly explores how the pressure of meeting cultural and social expectations affect the younger generations mentally, leading to social issues such as hikikomori. The student clearly explains their own way of thinking and connects it to the cultural and social factors explored in their discussions of the study results, influencing his way of thinking about people dealing with hikikomori such as having more empathy for them. ",,Jerry,15
5/20/2026 1:03:40,LCAL,82273,F24,DC26148,Late,Final Paper,3,clearly stated the questions and claims within context ,2.5,good amount of peer reviewed academic sources on top on the primary source,2.5,sources are used and cited consistently but analysis feels more like summary than well applied,2.5,"had a lot of analysis and well applied within context (postwar, WWII)",2,mention of traditional values like conformity and more,3,"had good reflection of their own and applied well in the paper, their chinese background and how it shifted",,Lulu,15
5/20/2026 13:05:52,LCAL,82273,F24,DC26148,Late,Final Paper,3.5,The student tackles the topic from a variety of perspectives that provides a bigger picture. There is also scholarly sources provided.,3,The student provides a variety of sources that support their claim throughout the paper,3.5,Sources are referenced to when needed to support the paper.,2.5,"While the student does meet the criteria, I think there was so much more potential to include more specific information that would strengthen the paper even more. ",3,Multiple traditions are described as well as how they have evolved over time in the context of the subject,3.5,I think the conclusion portion was very well written as the student included their own thoughts while summarizing the points they had investigated on. ,,Henry,15
5/21/2026 17:19:00,LCAL,82273,F24,DC26148,Early,Short Paper,1.833,,3,,2.667,,2,,2,,2,,,Reconciled Code,5
5/21/2026 17:26:15,LCAL,82273,F24,DC26170,Early,Short Paper,2,,2.667,,2.833,,1.5,,2,,2.5,,,Reconciled Code,7
6/8/2026 13:00:45,LCAL,82273,F24,DC26170,Late,Final Paper,2.667,,2.333,,2.333,,2,,3,,2.667,,needed to reconcile on cxt3 and cxt4a,Reconciled Code,18
5/19/2026 0:27:51,LCAL,82273,F24,DC26265,Early,Short Paper,2.5,"For some factors (which are the cultural beliefs in Japan during the 1980s), the student clearly explains how these factors were used to analyze Japanese culture in the 1980s, such as comparing modern-day cultures to 1980s Japanese culture through the film. However, for some factors, the student doesn't do quite as a good job explaining the factors' influence on the analysis of the film and Japanese culture. ",3,"The student used scenes from the film ""Tampopo"" to support their answers, which are appropriate to the instructions of the paper. The instructions for the paper didn't ask for the use of other source materials other than the film. Therefore the quantity of source materials is appropriate for this paper.",3,The student does explain and interpret specific scenes in the film well to support the major points in their answers for each question. However there are a couple of points that were not entirely addressed with the scenes in the film. ,3,The student does a good job at describing how their family culture in the modern day is different from Japanese culture in the 1980s when describing the appeal of Tampopo and Goro. The student goes into detail the different aspects of a successful woman in each cultures through mostly comprehensive explanations.,2.5,"The student does mention the different methods they used to analyze the film from a Japanese cultural perspective in the 1980s but doesn't acknowledge how these methods change over time. However, the student does use a cultural approach for the cultures comparison and explains how society has changed from 1980s to present-day. ",2,"The student describes the ideas of an ideal woman in their own culture as comparison to Japanese culture in the 1980s when looking at Tampopo and her character traits. However the student doesn't really acknowledge the connection between their thinking and the cultural approach, so the connection feels weak and underdeveloped. ",,Jerry,7
5/19/2026 0:44:13,LCAL,82273,F24,DC26265,Early,Short Paper,1.5,the main subject/points are implied and not really directly framed like a claim,2.5,"film mainly used as primary source, use of other cultural context ",3,Film scenes are used with detail and cultural concepts are connected to them with reasonable clarity,2,"The 1980s context is used and compared, analysis a bit lacking and how it developed",2,"Multiple cultural traditions are named and applied well, not much on how they were shaped",2.5,personal reflection were well applied throughout,,Lulu,7
5/20/2026 8:41:33,LCAL,82273,F24,DC26265,Late,Final Paper,3,The student frames fundamental questions and they directly connects to the main points of the paper as the fundamental questions play a big role for the main idea for this paper. ,1.5,The student does gain credible sources when it comes to the perspective of the Japanese people but it lacks when it comes to the perspective of the tourist as it is purely based on their opinion and also lacks in quantity wise. ,3,"The student uses the survey, credible sources for the japanese perspective and some other credible sources to fill in the gaps. ",1,The paper only briefly talks about the past when it talks regarding the tourism in the past. And nothing else. ,2,The idea did develop over time but it felt like it was revolving around the same idea. ,1,The paper does not talk about the student's opinion that can contribute to the major point but only talks briefly at the end. ,,Noah,19
5/20/2026 9:53:49,LCAL,82273,F24,DC26265,Early,Short Paper,2.5,No scholarly material the only reason why it is not a 3,3,Movie was well utilized,3,There were continuous references back to the film,2.5,Pretty good but could have been developed a little more. ,2,Not described very thoroughly,2,The student describes their own way of thinking but it is also not developed very much,There are many points which are mentioned but could have been expanded upon further,Henry,7
5/20/2026 14:11:10,LCAL,82273,F24,DC26265,Late,Final Paper,2.5,"The student developed the background well, but does not use outside evidence to support the relationship between these factors.",2.5,The student gives an appropriate amount of evidence and sources.,2,The source materials are used to support most but not all the major points.,1.5,I think the student only mentions but does not develop much on the social phenomenon.,1.5,The student does not discuss how this tradition is developed in detail.,1.5,The student does not show a lot of personal thoughts throughout the article.,,Grace,19
5/20/2026 8:00:02,LCAL,82273,F24,DC308874,Late,Final Paper,2,Does explains the background context but doesn't use scholars evidence,1.5,Some evidences used were film which I think is unreliable but some are reliable as they are articles and books. ,3,The paper went back and fourth between multiple sources to fill in possible gaps. ,2,"The paper does analyze recent past with the film high and low. However, some ideas did not originate from high and low, making it miss some major points. ",2.5,"With the 2 films being major evidences, the idea developed over time by using necessary infos needed. Rather than pin pointing a single film and talking about it, the paper went back and forth to show necessary points and some flaws with its counter measures to develop the ideas. ",1,The student barely talks about the own way of thinking regarding the topic. The student does talks about how the student thinks but it is just saying how the student felt than the way of thinking. ,,Noah,21
5/20/2026 13:53:26,LCAL,82273,F24,DC308874,Late,Final Paper,2,"clearly states the background, but does not use source materials to support the points",2,The student provides source materials of mostly an appropriate quantity.,2,"The student gives some explanations of the source materials, but not all of them support the major points.",2,"The student points out the social phenomenon in the article, but does not have in-depth explanations.",2,"There is some connection to the tradition, but it is undeveloped and unexplained how this is connected to the ways of thinking developed over time.",1.5,"The article is mostly about literation review and film reflection, so it lacks the student's personal thoughts.",,Grace,21
5/21/2026 17:13:40,LCAL,82273,F24,DC308874,Early,Short Paper,2,,2.667,,3,,2,,2.167,,2.333,,,Reconciled Code,13
5/18/2026 22:38:31,LCAL,82273,F24,DC590394,Early,Short Paper,2.5,"The student explains the multitude of factors that help contribute to the success of Tampopo and her ramen shop in the film. The student summarizes Tampopo's development throughout the film, stating how she continued to persevered through the struggles of learning how to make good ramen through the help of Goro's teaching. However, the student could have used specific scenes from the film to support these factors and connect to the student's answers for the other questions. ",3,"The student used scenes from the film ""Tampopo"" to support their answers, which are appropriate to the instructions of the paper. The instructions for the paper didn't ask for the use of other source materials other than the film. Therefore the quantity of source materials is appropriate for this paper.",3,The student does utilize certain scenes that served as strong evidence for their answer to each of the questions by providing adequate information and interpreting them in a way that is relevant to the context of the question and answer. ,3,"When asked about the appeal of Tampopo and Goro compared to modern standards in different cultures, the student does a good job at explaining each character's appeal to the Japanese audience in the 1980s and then relating it to them to other cultures in modern day society. However the explanations can be more comprehensive. ",2.5,"The student describes and connects the different Japanese cultural beliefs to the characters and scenes in the film. The student also applies a cultural approach to the characters and film. However, the student doesn't explicitly explain how these ideas in Japan have changed over time.",2.5,"The student uses their modern-day culture as comparison to Japanese culture in 1980s when talking about the character of Tampopo and Goro. However, that connection between their culture and the Japanese culture in the 1980s could be developed slightly more to reach a 3.",,Jerry,8
5/19/2026 0:17:12,LCAL,82273,F24,DC590394,Early,Short Paper,2,"since it's more direct questions and answers, do include who and what factors ",2,use of primary source (the film) and other cultural concepts but not much other outside independent sources are used,3,good use of the film itself with specific references,3,"good use of culture in historical context, especially 1980s japan",2.5,"had several cultural traditions and were pretty specific, also mentions how they changed over time",2,did show personal reflection about the topics but weren't that deep/connected,,Lulu,8
5/20/2026 9:15:04,LCAL,82273,F24,DC590394,Early,Short Paper,2.5,"Good continuous mentions to why the subject of study should be examined the way it should be, but no connections to scholarly sources which doesn't allow this to go to a 3",3,Lots of references to different Japanese terminologies and concepts ,3,I think there was a lot of examples taken from the source material that gives this a high score,2,"While covered, this was not covered as thoroughly throughout the paper.",2.5,A tradition is identified but not really expanded upon how it developed,1.5,There is not as much connection between the student's own thinking and the tradition,I think it's overall solid,Henry,8
5/19/2026 1:05:53,LCAL,82273,F24,DC774063,Early,Short Paper,2,more specific/clear compared to the other essays,2.5,film used primarily and other references ,3,scenes are describes in detail and used accurately,2.5,consistently uses analysis with 1980s context and draws comparison,2.5,many traditions were said but could be analyzed better with context and other connections,2.5,personal reflections were thoughtful and used with detail,,Lulu,10
5/19/2026 22:26:16,LCAL,82273,F24,DC774063,Early,Short Paper,3,"The student does a really good job at justifying the methods they used to analyze the film from the lens of a Japanese person in the 1980s and its culture in that time period. The student gives examples from the film for each methods and how its relates to some of the answers in the beginning of the paper. Therefore the student clearly describes the factors that influence their analysis of Tampopo, Goro, and the film. ",3,"The student used scenes from the film ""Tampopo"" to support their answers, which are appropriate to the instructions of the paper. The instructions for the paper didn't ask for the use of other source materials other than the film. Therefore the quantity of source materials is appropriate for this paper.",3,"The student provides adequate context from each of the scenes in their answers to support the major points for each question. The student's interpretations of those scenes were relevant to the context of the questions, thus supporting the most of the major points of each answer. ",3,"When talking about the cultural differences in a successful professional woman, the student comprehensively describes they are different in relation to 1980s with the modern day. The student also clearly explains how Goro is different from modern day male heroes, but with acknowledgement on the differences between the 1980s and modern day. ",2,"When explaining their approaches to analyzing the film, the student identifies Japanese cultural traditions but doesn't acknowledge how these traditions changed over time. The student only explained how these traditions influenced their analysis of the film.  ",3,"The student uses the ideas and beliefs from their own culture to compare the idea of an ideal professional woman to those ideas and beliefs from 1980s Japanese culture. Therefore the student is incorporating their own thinking into the cross-cultural analysis of Tampopo. Additionally, the student uses traits of a modern-day male hero in their culture and compares it to Goro. ",,Jerry,10
5/20/2026 1:30:02,LCAL,82273,F24,DC774063,Late,Final Paper,3,the questions were well stated and good framing within context,3,"there's a good variety of sources (peer reviewed journals, government documents, surveys, and more)",2.5,"sources are cited consistently and tied to major points throughout, feel like was a lot on backing up on claims",3,robust references throughout history and good connections of comparison between different time periods,2.5,mentioned how specific traditions developed through specific historical events,3,have good personal reflection and interpretation and is connected with the rest of the paper,,Lulu,19
5/20/2026 11:31:48,LCAL,82273,F24,DC774063,Late,Final Paper,3,The student identifies a bunch of factors will influence their analysis of the integration of robotics into Japanese society and reframes these factors into questions of how and what for their research. The student then explains how these factors will influence their analysis of robotics in Japanese society by connecting it to the overall topic of the paper. The student also uses scholarly source materials to introduce each of these factor's relationship to the paper's topic before diving into the discussion and analysis of their study results. The student also justifies his study approach of using survey methodology for the topic at hand. ,3,"The student uses a lot of appropriate and relevant source materials that motivate the study of robotics in Japanese society. The student uses survey methods to get results about the different opinions on the use of robotics in Japan across different generations, which are relevant to answering the proposed research questions. The amount of source materials is more than enough for the required amount for the assignment. However, I did feel like some of the source materials were not as rigorous as the other source materials, such as a sponsored article from the government of Japan included in the assignment. ",2,"The student provides adequate information and interpretations from their research surveys to support the major points that they want to address in the paper. However, it felt like the other source materials excluding the surveys didn't support any of the major points made in the paper, but rather used to motivate the subject of the study.",2.5,"The student provides a lot of context into the historical development of robotics in Japanese society from the post war period to present-day Japan at the beginning of the paper to motivate the study. The explanations were pretty comprehensive but when discussing the results of the surveys and connecting it to the research questions, the student briefly states the change over time with regards to the opinions of Japanese society and integration of robotics into Japanese society.  ",3,The student describes a lot of Japanese cultural traditions and concepts and how these traditions are incorporated and developed into the development and integration of robotics in Japanese society.,2.5,The student does a good job at explaining his own thinking of Japanese society as a whole when reflecting on the analysis and discussion of the results from their study. The student includes Japanese cultural concepts into his reflections of how Japan integrates robotics into their society but the connection between their thinking and these traditions are slightly underdeveloped and lack some crucial explanations. ,,Jerry,19
5/20/2026 12:43:33,LCAL,82273,F24,DC774063,Early,Short Paper,2.5,Good synthesis but no scholarly source,3,Strong use of film,3,Good use of the film as well as introducing and mentioning other cultural topics.,2.5,There was a few many mentions referring to changes over different time periods.,3,The specific tradition of Japanese culture was explored in depth for the paper.,2.5,The student states their own opinion and backs it up through the tradition framework. ,,Henry,10
5/22/2026 12:58:02,LCAL,82273,F24,DC774063,Late,Final Paper,3,,3,The student chose a wide variety of sources that helped strengthen the paper.,3,Sources were referred to when necessary throughout the paper that strengthened it overall. ,2.5,There were mentions but the explanations were not as in depth as they could have been,3,These were covered in depth throughout the entire paper. ,2.5,"There are definitely mentions, but considering the length of the paper, this could have been developed a little more.",I think it is an overall solid paper that covers most of the key points,Henry,19
5/18/2026 5:09:18,LCAL,82273,F24,DC863354,Early,Short Paper,1.5,"The paper does discuss about the settings, time, and who but doesn't explain fully regarding the other aspects. The paper was more shifted on Japanese culture itself than answering the questions",1.5,There is only one source but is rigor and relevant to the topic,3,"Since the main source was the film, I could see that the ideas were building off from the points from the film. Hence supporting the major points. ",1,The paper mostly talks about the scene of the time the film was set in. The only time the paper talked about the past was at the beginning when mentioning the idealized women and talking about other recent films. ,1,The paper talked mostly about the student's thoughts rather than talking about past theories and reasoning how they develop certain ideas. ,2.5,The paper shows strong opinions about the writer and some includes normative traditions while some other lacks. ,,Noah,6
5/19/2026 13:12:31,LCAL,82273,F24,DC863354,Early,Short Paper,1,The student does not fully describe and examine all the factors in the rubric.,2.5,The student uses various scenes from the film in this assignment.,3,"Since the article is based on this film, the evidences from the film is strongly related",1,"The student only talks a little bit about the present phenomenon at the start, then the whole article is just about the film itself.",1.5,The whole article does not quite discuss how the way of thinking has developed over time.,2,"The student shows a strong opinion, but the connection between their thinking and the connection is undeveloped.",,Grace,6
5/19/2026 19:28:05,LCAL,82273,F24,DC863354,Late,Final Paper,2,"The paper talks about the background info (who, what, when...) but lacks when it comes to connecting the ideas. (There were some connections but too narrow and repetitive)",1,"Although anime was set in Japan and was made in Japan, I don't think anime should be considered as a valid source. ",2,"With the use of anime, the paper did support some major points but some other points were covered by the opinions of the interviewees. ",1.5,The paper does mention a few information from 1960s but doesn't explain in detail specifically for that time era. ,2,The paper does mention how the ideas have developed but is redundant throughout the paper. ,2,"The paper talks about the writer's own thoughts and agrees with the idea, but lacks when it comes to deep analysis and explanation. ",,Noah,12
5/25/2026 11:38:42,LCAL,82273,S22,DC481748,Late,Final Paper,3,Factors are strongly supported throughout the paper,3,I think there were a good combination of scholarly articles as well as more casual surveys,3,All sources were connected quite well with each other and to the main argument throughout the entire paper,2.5,"There are mentions but this could have been expanded further, especially regarding to the portion in the 1970s which are brushed upon but not enough for the reader to understand the full context.",3.5,Covered in depth,2.5,"I think the reflection in the conclusion was strong, but think it is an area that could have been developed more throughout the paper.",,Henry,12
5/26/2026 15:41:48,LCAL,82270,F24,DC823360,Early,Short Paper,2.5,Resources are used to support background information in the introduction.,3,The student used evidence of appropriate quantity and quality.,2.5,The evidence materials are used to support most of the main points in the article.,2.5,"The student explains how the delivery robot in China developed over time, but it is not comprehensive enough to get a 3.",1,"I think the student points out the tradition in the article, but does not mention how this is related to the way of thinking.",0.5,The student does not show personal thoughts throughout the whole article.,,Grace,
5/26/2026 15:47:15,History,79211,F25,DCF2439,Early,Reflection,3,clearly states the why/how for the topic and connects to the rest of the reflection  ,1.5,only really one main source is used,2,"the source that was cited was used well, but some analysis doesn't have sources to back up",3,,1.5,have historical and policies but not much connected with traditions,NA,,,Lulu,1
5/26/2026 15:51:35,History,79211,S25,DCF2486,Early,Reflection,3,clear framing of question and connects well to the rest of the paper,3,good amount of sources are used (3) especially for how short it is,2.5,"quotes and citations are used to support, and good analysis ",2,does have early 20th century colonialism and connected to the context,2,have stated tradition like the 'civilizing mission' and how it shaped the US colonial thinking,,,,Lulu,1
5/26/2026 15:57:44,LCAL,82270,F24,DC26122,Early,Short Paper,1.5,Implies the study of Taiwan healthcare robotics but does not frame fundamental questions.,3,The student provides appropriate amount of evidence and are very relevant to the article.,2.5,"Though there are various evidence in the article, they does not all support the main points.",2.5,The phenomenon is well-explained in section 2.,0.5,The article does not mention how this is related to the way of thinking.,0.5,The article is more like explanation of phenomenon rather than expression of personal opinions.,,Grace,7
5/26/2026 16:09:35,History,79211,F25,DC25633,Early,Reflection,1,the framing is very loose and a bit hard to follow but did identity the subject ,2,have 2 primary letters,2,few quotes were used well connecting to the analysis ,2,have more historical context on colonialism and events,1,briefly mentions tradition related evidence but not much explanation,,,,Lulu,1
5/26/2026 16:14:04,History,79211,F25,DC961916,Early,Reflection,3,"clearly frames the subject, around european colonial power, etc. ",3,have both primary sources and a secondary source,3,quoted were directly used and with good analysis,2.5,did contextualize the letters with broad context ,2,"stated possible traditions like ""civilizing mission"" and other but not much analysis",NA,,,Lulu,2
5/26/2026 16:15:56,LCAL,82270,F24,DC402763,Early,Short Paper,2.5,Framed the fundamental questions quite well.,2,"The evidence used is relevant, but the amount just reached the minimum bar.",2,Only some major points are supported with great evidence.,2,"The phenomenon is explained clearly in section 2, but not in-depth.",1.5,"The social phenomenon is not connected to the way of thinking, but the article points out some concerns and attitudes from the public.",1,The student did not show personal thoughts in the article.,,Grace,7
5/27/2026 4:53:43,CMIST,84389,S25,DC243570,Late,Final Paper,2,The paper explains very well at the beginning regarding the fundamental questions of Cosa Nostra. But it doesn't last very long. (Paragraphs after just talks about what they did rather than the fundamental questions),2.5,Evidences used are good in quantity and rigor as they were mostly from the trusted sources. I just gave 2.5 because I don't think class sources should be considered as a reliable source. ,3,Each points are built off from the sources. (Many indications of where each lines are from what sources),1,"The paper was talking in the settings of 1990s. In the paper, I saw almost no informations from 1970s or earlier. ",2.5,"While the story itself did not develop over time, the idea of the paper developed over time by talking about different perspectives. (Different ways of analyzing)",0,"The student does not talk about how the student felt. Hence, there were no connections regarding the student's idea and the paper. ",,Noah,13
5/26/2026 16:29:45,History,79211,F25,DCF24179,Early,Reflection,3.5,"clearly frames the subject with specifics like orientalism, colonialism, and resistance",4,"variety of sources are used, primary (the letters), 2 secondary (lockard, barker), and also like a theoretical framework ",3.5,quotes are cited and used consistently with good analysis,2.5,"context of the letters were stated clearly (ex franco dutch war, etc.) ",3,identifies orientalism as a tradition and explains how it changes/affects others through different context,NA,,,Lulu,4
5/30/2026 14:23:03,CMIST,84389,S25,DC26026,Late,Final Paper,2,did not mention why,3,The student gives a appropriate quantity and quality of resources.,2.5,Resources are used to support main arguments with clear interpretations followed.,3,"The phenomenon is linked to the recent past, while explanations are also given.",2,"Instead of ways of thinking, actions that government taken is stated and analyzed in the article (since the class the about terrorism, maybe also count as a way of thinking?)",1.5,The student's own way of thinking is lacked.,,Grace,11
5/26/2026 16:42:17,History,79211,F25,DC814090,Early,Reflection,2,clear subject and relevant factors within context ,1.5,"only the two primary letters are used, no other sources",2.5,quotes were used regularly and supported,2,references specific events/era for context ,0.5,did touches on some ideology but didn't really identify and analyzed any traditions,NA,,,Lulu,1
5/26/2026 17:02:34,History,79211,F25,DC728001,Early,Reflection,2.5,clear framing of the subject with specific events/evidence,3,3 sources were used with relevant to the rest of the reflection,2.5,quotes and citations were used well and support the points made,2,"have some references to the context (native american, asia colonial patterns, etc.)",2.5,"had ""Imperial Alibi"" as a tradition and connected to broader patterns within the context",NA,,,Lulu,2
5/30/2026 21:29:14,CMIST,84389,S25,DC26026,Late,Final Paper,2.5,"clearly states what the paper will be looking at, lacks a bit on the how and why?",3,"have a lot of variety and quantity for sources, strong choices of evidences",2.5,sources are cited and used consistently and mostly tied back to the main points made with analysis,3,it go through like a time line with specific historical contexts and connects them back to the points made,2,did mention few theoretical traditions but not explanations / analysis ,1,only brief mention and almost not much personal reflections,,Lulu,11
5/26/2026 17:14:15,History,79211,F25,F25890,Late,Reflection,2,stated subject in question with some specifics but framing isn't that good,2,two films are used with references,2,some specific examples are used but briefly and not much in detail,1.5,mentioned the asian financial crisis and connects to other context but lacks a lot,1,Buddhist values and punk culture are mentioned but neither were really examined much as traditions,NA,,,Lulu,2
5/27/2026 4:27:36,CMIST,84389,S25,DC26052,Late,Final Paper,2,"In the paragraph titled as background, the paper explains in detail regarding the fundamental questions. ",2.5,Evidences the student chose for the paper are appropriate but are hard to see as they are not directly mentioned in the paper. ,3,"As the points being talked about in the paper are built off from the evidences chosen, it only has minor omissions. ",1,The past is briefly mentioned at the beginning of the paper and does not connect to the main idea of the paper. ,3,The growth in ideas is well shown as each are backed up with the sources. ,1,The student barely talks about the student's own thought and connecting it to the theme of the paper. The student does briefly talks about what he thinks but these ideas are not related to the main points. ,,Noah,13
5/26/2026 17:27:54,History,79211,F25,DCF2486,Late,Reflection,3,clear framing of the subject with specific references ,2,the two films and previous reading were used,3,specific scenes were used and described with detail to support,2,references to historical context and events but maybe needs more analysis of those contexts,2.5,mentions how buddhist practice has adapted and evolved,NA,,,Lulu,1
5/26/2026 17:39:47,History,79211,F25,DC961916,Late,Reflection,3,clear framing of the subject with how and specifics,3,uses the 2 films and the article,3.5,direct quotes and specific scenes were used and consistently supporting the analysis,2.5,mentions thailand's economic context through different rimes and how it've changed,2,did mention like buddhism and punk ideologies as traditions,NA,,,Lulu,2
5/26/2026 17:54:54,History,79211,F25,DC550896,Late,Reflection,3.5,"very clear and analytical claim, direct and with specifics",4,"a lot of references used (2 films, 2 articles and background reading)",3,evidence supports the points made with detail description,3,have development of historical context (ex thailand's development through crisis to present movements),2.5,"included how traditions like buddhist nationalism, punk, and thai practices have evolved over time",NA,,,Lulu,2
6/1/2026 14:24:53,CMIST,84389,S25,DC26052,Late,Final Paper,3,"The student identifies and justifies the approaches they used to analyze the ADF, as well as add on some explanations on the limitations of these approaches to analyzing the ADF. They connect it to the main body of the paper and incorporates relevant scholarly source material to connect these approaches/theories to the ADF. ",3,The student provides a lot of source materials that they used in the paper to talk about the ADF. The source materials are appropriate to the subject of study in the paper and are mostly rigor except for a few of the source materials. ,3,The student uses the source materials well in the paper by incorporating adequate information and context from these source materials and using reasonable interpretations from these source materials to support the student's major points in the paper with only a couple of minor omissions. ,1,The student does not really talk about how the ADF have changed over time from beyond the recent past. There was only a brief mention about when and why they were established. ,2,"The student identifies a couple of theories that they used to analyze the ADF, but doesn't talk about how these theories have changed or developed over time generally.",1.5,"The student talks about the gaps that current theories have in explaining the ADF as a terrorist or insurgency group, which shows their own way of thinking in the context of current theories today. However, the explanations of these connections feels more like slight acknowledgements or being very undeveloped. ",,Jerry,13
5/27/2026 0:16:19,CMIST,84389,S26,DC26068,Early,Short Paper,3,The student describes how historical factors from the 1960s led to the establishment of the Houthis in Yemen. The student add additional information from relevant scholarly source material to connect these factors to one another. ,NA,,NA,,3,"The student goes back into the history of the Houthis from the 1960s and beyond to talk about the rise of the Houthis into what they are today, which is beyond the past 20 years. ",3,"When talking about the core grievances, beliefs and goals of the Houthis, the student explains the core grievances, beliefs and goals of the Houthis and describes how it has changed over time. ",NA,,,Jerry,4
5/29/2026 0:08:04,CMIST,84389,S26,DC26068,Late,Short Paper,4,The student explains in depth the effectiveness of the different approaches used against the Houthis to weaken them by explaining the limitations of each of these approaches with relevant scholarly source material. ,NA,,NA,,0,The events that the student mentioned are all within the past 20 years. Therefore the student doesn't mention any other subject of study or events that is beyond the recent past. ,2,The student applies a couple of theories into the different methods against the Houthis and how the Houthis have been able to adapt against these methods. However the student doesn't really engage with how these theories/ideas have changed or developed over time. ,NA,,,Jerry,5
5/27/2026 5:56:10,CMIST,84389,S25,DC26131,Late,Final Paper,2,The paper explains the fundamental questions about the main point of the paper only in the beginning. Topics talked about later in the paper are more like what happened than the fundamental questions. ,3,"The evidences chosen were rigor, highly related to the paper, and good in quantity wise. ",3,Almost all topics being talked about in the paper are built off from the evidences. Hence only has minor omissions. ,1,The paper is explaining about the war back in 1992-1995. The paper talks almost nothing about 1970s or earlier except for when explaining what has happened after WWII and it is not explained in details. The paper was more like talking about the background information. ,2.5,The idea did develop over time in the paper by going along with the timeline and looking in different perspectives. ,0.5,The student does not talks about how the student's way of thinking relates to the paper's ideas. ,,Noah,8
5/30/2026 15:06:28,CMIST,84389,S25,DC26294,Late,Final Paper,2.5,The introduction is very comprehensive that it includes fundamental questions.,3,The quantity of source materials is above expectation.,2.5,Main points are supported by at least one evidence.,2,The phenomenon is stated and explained.,1.5,The tradition is not quite connected to the way of thinking developed overtime.,1.5,The article lacks student's own way of thoughts,,Grace,12
5/26/2026 18:56:52,CMIST,84389,S25,DC26323,Late,Final Paper,3,"the paper clearly states the who, what, why, how and are tied to the rest of the paper",2.5,"have the main academic sources and other news outlets and websites, not sure how reliable they are but do have a lot of references",2.5,the three theoretical frameworks are used with evidences in detail,3,had a lot of historical context and was provided with a lot of detail and analysis,1.5,wasn't sure if there's a lot of connections to traditions ,1,there's a brief personal connection (grandfather) but not much more besides that,,Lulu,10
6/1/2026 11:58:05,CMIST,84389,S25,DC26323,Late,Final Paper,3,"The student does a good job at identifying and justifying the approaches they used to analyze the NPA, as well as stating the limitations to these approaches. The student uses these approaches to connect to the body of the project with relevant scholarly source material. ",2,"The student provides a lot of source materials in their paper. The source materials are mostly appropriate in providing context to the subject of study, however some of the source materials are not necessarily rigor. ",2,"the student provided adequate context from the source materials, but only the 3 theoretical frameworks that the student used to analyze the NPA supported a few of the major points. ",3,"The student provides an in-depth look into the history of the NPA, mostly their reasons for establishment and the negotiations between the NPA and the government post-Marcos dictatorship that have happened from beyond the recent part to the present. The student connected these negotiations from the past and present to one another. ",2,The student does talk about 3 theoretical frameworks that the student describes to analyze the NPA but doesn't acknowledge how these frameworks have changed or developed over time. ,1,"The student briefly mentions about his grandfather in relation to the harm that the NPA have done by stating that his grandfather experienced them, but that was about it. ",,Jerry,10
5/30/2026 14:11:07,CMIST,84389,S25,DC26353,Late,Final Paper,3,The article includes key factors with explanations but lacks scholarly references.,2.5,The source materials used in this article has appropriate quantity and relevance to the project.,2.5,The student gives a detailed interpretation of the materials to support most of the major points.,2.5,The study is linked to the social phenomenon beyond recent past and explanation is comprehensive.,2,The article is mostly about wars and terrorism so that it does not quite focus on ways of thinking.,2,Some personal thoughts is given in the ends.,,Grace,9
5/30/2026 20:56:09,CMIST,84389,S25,DC26353,Late,Final Paper,3,"clearly frames it in the how, who, what, why",3,"have a good variety and quantity of sources, especially compared to other ones ",3,"sources are used well and connected to the major points, also pretty consistent with connecting theories to evidences",3,"pretty strong especially with its use of context with specifics (pointed to specific events, etc.)",2.5,did contain several theoretical traditions and said how they apply,1,kind of brief at the end (conclusion) but lack depth,,Lulu,9
5/27/2026 10:55:42,CMIST,84389,S26,DC269296,Late,Short Paper,3,The student clearly describes the policy approaches to preventing another terrorist attack in India after the Mumbai attacks in 2008 and the current limitations to the effectiveness of each of the policy changes. The student incorporates scholarly source material to support their justifications. ,NA,,NA,,0,"The Mumbai attacks was less than 20 years ago, so the student talked about how policy reforms have turned out for India after the Mumbai attacks. Thus, the student didn't identify other subject of study that was beyond the recent past. ",3,"The student talk about multiple policy efforts that the Indian government have implemented to prevent another tragedy from happening, as well as how effectively these reforms have been over time. ",NA,,,Jerry,4
5/26/2026 16:37:26,CMIST,84389,S26,DC303939,Early,Short Paper,3,The student clearly describes why the 26/11 attacks in Mumbai should be classified as terrorism rather than an insurgency or civil war by using relevant scholarly source material to define terrorism and connect it to the 26/11 attacks,NA,,NA,,1,"The student talks about the history of the Lashkar-e-Taiba, the terrorist group behind the attacks in Mumbai, by looking back at when this group emerged (1980s) and the attacks they have carried out before the 2008 attacks. However, the student doesn't really focus on the historical context much further than that. ",2,"The student gives two possible explanations for why the LeT carried out their attacks in 2008. However, the student doesn't go further into how these explanations or the ideological beliefs behind the group's motives have developed over time. ",NA,,,Jerry,4
5/26/2026 18:24:21,CMIST,84389,S25,DC308984,Late,Final Paper,3,clear claim with how and why,3,there's a variety of references/sources and a lot too,3,evidence is used well with direct quotes and specific citations for major points,2,did mention taliban's orgins and other references for historical context ,2.5,mentions several traditions but more of theories like religious terrorism theory and how they play within certain context/times,1,didn't have much self reflection and personal connections,,Lulu,10
5/31/2026 12:11:04,CMIST,84389,S25,DC308984,Late,Final Paper,4,"The student does a really good job at identifying and justifying the different approaches to studying the Taliban, such as using different theoretical frameworks that connects to how the Taliban are able to survive and regain power after 2 decades of fighting. The student is also able to connect these approaches to the body of the paper by explaining the limitations of these approaches theoretically. ",3,,3,"From each of the source, the student provided adequate information and context from the source material to make interpretations that supported their major points about the Taliban and their success. ",2,"The student talks about how the Taliban has survived for more than 2 decades from US and Afghan pressure and regain power in 2021. However, there wasn't an in-depth explanation into how the Taliban's success related to any phenomena beyond the recent past. ",2,"The student identifies many different theories to examine the Taliban and their trajectory from 2001 to 2021. However, the student doesn't acknowledge how these theories have changed over time. ",2,The student briefly describes their own thinking into the context of the theories by creating their own hypotheses into explaining the limitations of the theories in analyzing the Taliban through a theoretical perspective. ,,Jerry,10
5/30/2026 14:34:59,CMIST,84389,S25,DC311115,Late,Final Paper,2.5,"Background information is comprehensive, and fundamental questions are answered.",2.5,good variety of source evidence.,2.5,"Explanations of evidence are given, but I feel like not all sources are very relevant to the article.",2,The subject of study and phenomenon beyond recent past is identified.,1.5,The connection between ways of thinking developed overtime and this phenomenon does not clearly stated.,1,The student does express his/her way of thinking in the article.,,Grace,10
5/27/2026 17:57:02,LCAL,82270,F24,DC800345,Early,Short Paper,1.5,"The background information is incomplete (does not mention when, who)",1.5,The evidence seems just 'be there' and is not pretty relevant to the article.,1,Most main points are supported by argument and text explanations instead of evidence materials.,2.5,The explanation is mostly comprehensive and in-depth.,2.5,The student links the development of robot with the American history of industrilization.,1.5,The student explains the interest in the field to robots instead of how the robots influence his/her way of thinking.,,Grace,7
5/27/2026 18:11:52,LCAL,82270,F24,DC26337,Early,Short Paper,1.5,Fundamental questions are not all answered in the beginning.,3,"The evidence used has a great variety, quality, and relevance to the article.",3,Not only the major points but also the minor points are explained and supported by the source materials,2,"The student points out cultural and historical backgrounds/phenomena, but lacks in-depth explanations.",1,The student does not state clearly the specific tradition and its related way of thinking.,0.5,The article does not include the student's personal way of thinking.,,Grace,6
5/27/2026 18:27:40,LCAL,82270,F24,DC560050,Early,Short Paper,1.5,"Fundamental questions are not answered completely (lacks when, who, and how)",2,Good variety of source materials used in the article.,2,The interpretations of source materials after main arguments are not in-depth.,2,Social phenomenon is clearly stated and explained.,1.5,The connection between the tradition and ways of thinking is not explained in-depth in the article.,0.5,Personal way of thinking is not showed in the article.,,Grace,7
5/27/2026 19:45:13,LCAL,82270,F24,DC348458,Early,Short Paper,1.5,"The introduction did not mention how, who, or when.",3,Both data and literature evidence are used. The quantity is also above expectations.,3,Almost every point in the article is supported by one or two source materials.,1.5,There is no specific phenomenon being pointed out.,1.5,The article does not talked much about ways of thinking developed overtime.,2,"In the conclusion, the student talks about his/her feelings and thoughts in this fields.",,Grace,6
5/27/2026 19:49:55,LCAL,82270,F24,DC26332,Early,Short Paper,1,Lack of background information.,2.5,The evidence used is of good quantity and relevance.,2,Most of the major points are being supported by eveidence.,2,,1.5,The article talks about the development of robots but does not talk about the development of ways of thinking regarding robots.,0.5,Does not include the student's own way of thinking in the article.,,Grace,6
5/30/2026 22:10:14,CMIST,84389,S25,DC311115,Late,Final Paper,3,"have the who, what, why, how in detail",2,have a variety of sources and quantity but a lot are websites so don't know how trustworthy those sources are,2.5,"did consistently use sources and analysis back to main points, there are some that could use more support from evidences",2.5,"have historical contexts for a lot of evidences, etc. ",2,"did have traditions like strategic logic, etc, and mentions how they were used ",1,also not much personal reflection was said throughout the paper,,Lulu,10
6/1/2026 23:04:25,CMIST,84389,S25,DC339937,Late,Final Paper,3.5,The student does a great job at identifying the different approaches and theories that could be used to analyze the AQAP and justifying their reasons for the approaches. The student connects it to the paper by also talking about the limitations of these approaches and incorporating other relevant scholarly source material. ,3,The student provides a lot of source material that is appropriate and relevant to the subject of study in the paper. The source materials are also mostly rigor except for a handful of source materials. ,3,The student does a good job at providing adequate information and context from the source materials and creating reasonable interpretations from these information that supported most of the major points that the student made about AQAP. ,0,"Since the AQAP was established less than 20 years ago (in 2009), the student doesn't really explain any other subject of study that was beyond the recent past. ",2,"The student provided a lot of theoretical frameworks that could be used to analyze AQAP and their development in less than 20 years of establishment, but doesn't explain how these theoretical frameworks have changed or developed over time. ",2,The student does incorporate their own way of thinking into the context of the theoretical gaps that the provided theories fail to explain when it comes to analyzing AQAP by talking about information they have learned in class and incorporating other theoretical frameworks. ,,Jerry,9
5/28/2026 1:29:24,LCAL,82273,S22,DC703107,Late,Final Paper,3.5,I think this was well covered throughout the entirety of the paper with mentions of multiple scholarly sources.,3,"A variety of sources are used well throughout, especially in the background information section",3,The evidence was used to support its points but I thought they could have done better on the survey only having two responders,3,This was covered well throughout the background information section,3,No huge flaw here,3,The reflection portion covered a lot regarding the student's initial thinking and how learning about different traditions influenced these thoughts.,,Henry,14
5/27/2026 5:33:40,CMIST,84389,S25,DC432602,Late,Final Paper,2,The paper describes very well regarding the fundamental questions of the topic. (Only in the beginning),2.5,Most sources were credible and good in quantity,3,Each points stated were all backed up by the evidences. ,0.5,The paper does not talk about the past. Only a few sources are from the past more than 20 years ago. ,2,The idea does develop over time by viewing the case in different ways. ,0,The student does not state how the student's thinking relates to the paper. ,,Noah,11
5/26/2026 17:57:14,CMIST,84389,S26,DC520475,Early,Short Paper,3,"The student describes a lot of factors that contribute to how Hezbollah should be viewed as, as well as describing the factors that allow Hezbollah to be as influential as it has been in Lebanon and regions around the country. The student uses lots of relevant scholarly source material to talk about these factors. ",NA,,NA,,2,"The student talks about how the Hezbollah have developed and changed over the past 20-30 years, from its creation in 1982 due to the Israel invasion of Lebanon to the Iranian-Israel conflict in 2024. However, I feel like the explanation of the connections between these development over the years are limited and lack depth. ",3,"The student goes in depth into how the principles, practices, goals, and traditions of Hezbollah have changed based on the changing circumstances from the 1980s to present-day. For instance, the student talks about the stabilized political power that the group have inside the Lebanon government since their participation in 1982, using their influence in schools and youth programs, to current day, where their legitimacy have decreased due to their methods. ",NA,,,Jerry,5
5/28/2026 23:50:18,LCAL,82273,S22,DC817208,Late,Final Paper,2.5,I think the factors listed are very descriptive with multiple sources but I think compared to the rest of the paper there could a bit more analysis instead of description,3.5,A very strong collection of sources are used,3.5,The different sources were used to back up different points,3.5,"I think this portion was very well done, with different opinions and perspectives spanning almost a century",3,,3,I think there was a lot that the student wrote connected to their own experiences,I think this is an extremely well written piece that covers the points on the rubric very well,Henry,15
5/28/2026 0:28:07,CMIST,84389,S26,DC520475,Late,Short Paper,3,The student identifies the different approaches that Hezbollah have taken to respond to efforts targeted towards destroying Hezbollah and similar groups and uses relevant scholarly source material to connect these factors/approaches with one another. ,NA,,NA,,1,"The student talks about how Hezbollah have relied on Iran's financial support over the past 40 years to survive and be influential in the region they reside in. However, it feels more like a passing acknowledgement from the student about Hezbollah.",2,The student uses a couple of theories to talk about the shifting approaches/goals of Hezbollah but doesn't describe how these theories have changed or developed over the years. ,NA,,,Jerry,5
5/29/2026 0:15:18,LCAL,82273,S22,DC218271,Late,Final Paper,2.5,I also think compared to other areas of the paper this part could have been expanded upon a little more,3.5,Lots of strong sources that span different genres are used to strengthen the paper,4,I think the evidence sources are very well analyzed to support the author's arguments that it doesn't feel too wrong to give a 4,3,This is covered well with appropriate evidence and different cultural terms,3,This part is covered with lots of evidence provided,2.5,I think the personal reflection is slightly lacking compared to other parts of the essay,,Henry,26
5/29/2026 0:37:02,LCAL,82273,S22,DC442301,Late,Final Paper,3,A variety of factors were given when describing the main topic of the paper ,2.5,The sources were good that each supported strong arguments but I think there could have been more than could have bene used for analysis,3,I think there was a good use of sources as well as mentions on shortcomings of the source which I liked. ,3,Strong points are used to support this point. ,3,I think this was well covered with a variety of cultural aspects described and historical references that explain the cultural aspects,2,This area was mentioned but definitely had potential to develop further,I think it's overall a strong paper but a few more sources could really elevate this further,Henry,12
5/29/2026 2:08:50,LCAL,82273,S22,DC657660,Late,Final Paper,2.5,I think it was somewhat well covered but could have been more detailed,3.5,There were lots of sources used and I also appreciated how the author talked about potential shortcoming regarding sources they used,3,The sources are utilized well to support the primary argument,2,I don't think 'the recent past' was something that was explicitly mentioned and I think this may be due to the author's research question. There were some areas that broadly related to the recent past but not something specific,2.5,"Again, I don't think there was a strong focus on how traditions change over time but rather investigating the relation between tradition and other factors",2.5,Not too much area for the student to provide detailed accounts of their own thinking,,Henry,16
5/29/2026 8:23:26,LCAL,82273,S22,DC546554,Late,Final Paper,2.5,There are multiple factors described but I would say that in terms of depth or detail some could have been analyzed more,3,Good variety of sources used,3,sources are used to support arguments throughout the paper,2.5,"While covered, I believe this could have been done in more depth",3,There are mentions of how the tradition has developed over time.,2.5,I think there could have been more in terms of personal reflection,The base of the paper is strong but could be better in terms of detailed analysis and nuance,Henry,13
5/29/2026 8:49:06,LCAL,82273,S22,DC752893,Early,Short Paper,2,The topic is covered discussing a variety of factors but nothing regarding scholarly sources,2,The sources used were good as stated in instructions,2,There was no bibliography so hard to compile which sources were consulted,1,There wasn't too much describing the topic beyond the recent past ,2,I think a tradition was definitely identified but there was not too much analyzing how it developed over time,1.5,There was only a short link connecting personal connection and tradition,,Henry,8
5/29/2026 9:24:43,LCAL,82273,S22,DC703107,Early,Short Paper,2.5,Good mentions of factors but not scholarly sources used,2,The sources used were good but it doesn not seem any additional sources wer e,2,There is no bibliography provided,2.5,The norms of the 1980s are somewhat discussed but I think this could have been done with more detail,3,Needs more detail but fits criteria 3,2.5,"The student gave their opinion as well as some reasoning which was good, but could have been expanded upon a little more",,Henry,8
5/29/2026 9:51:23,LCAL,82273,S22,DC817208,Early,Short Paper,2.5,"Definitely a few factors stated but not the most descriptive, and also no scholarly sources",2,No additional sources aside from films,2,No biliography,1,Very few acknowledgement about the recent past,2.5,There are mentions but they are not very clear or direct,2,Personal opinion was underdeveloped when describing the tradition,,Henry,7
5/29/2026 10:05:37,LCAL,82273,S22,DC218271,Early,Short Paper,2,Multiple cultural factors are introduced as subjects of study but not too much on factors to evaluate them,2,No sources other than the original two are consulted,2,No bibliography,1,There was virtually nothing regarding connecting the topic to the recent past,2,It was hard to find mentions of how the tradition was developed. Also not very ,2.5,The student mentions their own opinion with a very brief explanation,,Henry,6
5/26/2026 17:26:52,CMIST,84389,S26,DC588720,Early,Short Paper,2.5,The student briefly describes the reason why the PKK should be separated from just being a terrorist group using the definition of terrorism from relevant scholarly source material but it feels more like a statement rather than a description of the reason. ,NA,,NA,,1,The student only mentions when the PKK was founded and the fact that the group initiated an armed insurgency against Turkey by 1984. ,2,The student provides a couple of explanations for how the PKK started and is continuing to grow over time. However the student doesn't talk about how these explanations/theories have changed over time,NA,,,Jerry,4
5/28/2026 0:18:18,CMIST,84389,S26,DC588720,Late,Short Paper,3,"The student states the different approaches that the Turkish government have undergone to weaken and destroy the PKK organization, using scholarly source material to back up their claims. ",NA,,NA,,2,The student talks about the different events that has happened against the PKK by the Turkish government beyond the past twenty years. However the student's explanations could be further developed as it feels pretty limited.  ,2,The student talks about the different theories regarding the methods that Turkey have used to dismantle the PKK. However the student does not acknowledge how these theories have changed over time. ,NA,,,Jerry,5
5/27/2026 6:22:34,CMIST,84389,S25,DC657285,Late,Final Paper,2,The paper well describes the fundamental questions surrounding the paper's idea at the beginning when introducing the problem. ,2.5,The evidences are good in quantity wise and are credible (Not 3 not all evidences were scholarly evidences),3,"The ideas were built off from the evidences, hence minor omissions. ",1,Does not really talks about the past except for the time when introducing the start of LeT,1.5,The idea seems to be developing over time but I didn't feel too many connections going on. ,0,The student does not talk about how the student's idea relates to the paper's idea,,Noah,10
6/1/2026 23:55:53,CMIST,84389,S25,DC936881,Late,Final Paper,3,"The student does a good job of explaining the different factors and approaches that can be used to examine the Ethiopian Civil War, as well as the limitations of these approaches to examining the Ethiopian Civil War. The student connects it well to the body of the paper and incorporates relevant scholarly source material. ",3,The source materials are plenty for the assignment. They are also appropriate and relevant to studying the Ethiopian Civil War. The source materials provided were also mostly rigor. ,3,The student provided adequate information from the source materials to create reasonable interpretations that support most of their major points.,3,The student provides comprehensive explanations that allows the readers to understand how events from beyond the recent past (from the overthrow of the Ethiopian emperor in 1974) have shaped to the Ethiopian Civil War throughout the years and into what it is today. ,2,"The student identifies multiple theories that could be used to explain the Ethiopian Civil War from a theoretical lens, but the student doesn't provide any explanations into how these theories have changed or developed over time. ",3,The student clearly describes their own way of thinking when it comes to examining the Ethiopian Civil War from a theoretical standpoint and the reasons why the Ethiopian Civil War happened by connecting to other theoretical frameworks. ,,Jerry,12
5/27/2026 0:00:23,CMIST,84389,S26,DCF24146,Early,Short Paper,3,The student explains the historical factors that led to the establishment of Hamas in 1987 as a way to influence how and why Hamas is viewed and examined as a terrorist group and incorporates relevant scholarly source material to support these factors. ,NA,,NA,,3,"The student talks about the history of Hamas and how it was established in 1987, which is beyond the recent past. Their explanations of the history of this group is mostly comprehensive but does lack some key points and analysis.",2,The student identifies multiple explanations as to why the people in Gaza will join Hamas. However the student doesn't expand upon how these ideas have changed or developed over time. ,NA,,,Jerry,4
5/28/2026 23:36:02,CMIST,84389,S26,DCF24146,Late,Short Paper,4,The student explains in depth how the Israelian strategy of leadership decapitation of Hamas have turned out for both the Israelis and Hamas by explaining the limitations of leadership decapitation overall through relevant scholarly source materials. ,NA,,NA,,1,"The student talks about the adaptation of Hamas as one of the main reason why Hamas has survived for more than 40 years. However, the student only mentions events that were more recent (1-3 years ago), so it is not beyond the recent past. ",2,The student mentions Jordan's 2014 framework on leadership decapitation and Hazelton's 2017 counterinsurgency framework when talking about the effectiveness of Israeli strategy against Hamas. However the student doesn't talk about how these ideas themselves have developed over time. ,NA,,,Jerry,5
5/30/2026 15:18:03,CMIST,84389,S25,DCF24162,Late,Final Paper,2.5,The student clearly describes key factors that influence the subject of study.,3,The quantity of evidence is appropriate; the evidence is from various sources.,2.5,Main points are either supported by data evidence or relevant source materials.,2,Phenomenon and interpretations are stated.,1.5,The article is mostly about history of wars and terrorism instead of how way of thinking developed overtime.,1.5,The student states some personal thoughts in the end (but not sure whether this could be counted as own way of thinking.),,Grace,10
6/1/2026 13:00:59,CMIST,84389,S25,DCF24162,Late,Final Paper,3,The student clearly describes the different approaches that could be used to analyze the JI and connects it to the subject of the paper. The student also uses relevant scholarly source material to support their claims about each of these approaches.  ,2,"The student uses a lot of source materials in their paper. The source materials are mostly appropriate to the subject of study, but some of the source materials are not rigor. ",3,The student uses adequate information and context from the source materials to create interpretations that support most of their major points about JI. ,3,The student does describe the historical context and events that was caused by the JI beyond the recent past and how it has shaped their future in terms of their goals and their eventual disbandment. ,2,The student identifies a couple of theories to describe and analyze JI but the student doesn't address the development of these theories over time. ,1,The student talks about their thoughts in the conclusion paragraph but there is really no acknowledgements to how the traditions influenced his thinking. ,,Jerry,10
5/26/2026 23:43:40,CMIST,84389,S26,DCF2430,Early,Short Paper,3,"The student states their reasons for why Viv Ansanm should be viewed as a terrorist gang group, but doesn't go further into the explanation. ",NA,,NA,,0,"The Viv Ansanm was more recently established and its beginning from G9 Alliance and G-PEP only started in 2020, so there was no mention of other issues or events that influenced the study of Viv Ansanm in the beyond the past 20 years",2,The student talks about the idea of attrition-based terrorism and connects it to the Viv Ansanm but doesn't go further into how this idea have changed or developed over time. ,NA,,,Jerry,5
5/31/2026 23:51:04,English,76247,F21,DC258508,Late,Final Paper,NA,,2.5,There are appropriate quantity of evidence and all are appropriate as they are all from Shakespeare. ,3,"As each ideas are built off from the writings from Shakespeare and holes are also filled with his works, most major points are covered. ",0,Any recent activities regarding recent past are not mentioned. ,NA,,NA,,,Noah,4
5/31/2026 23:59:34,English,76247,F21,DC293286,Late,Final Paper,NA,,2,"The sources are appropriate but only 2 sources were mentioned, which are not appropriate when it comes to quantity. ",2.5,"As each stories/evidences acted like a root, most informations were supported by the evidences. However, since there were not that many evidences, I believe there are some lacking points. ",0,Nothing about the recent part was mentioned. ,NA,,NA,,,Noah,5
6/1/2026 0:09:18,English,76247,F21,DC582382,Late,Final Paper,NA,,2,The sources are appropriate but not appropriate when it comes to quantity since there are only 2 sources/evidences. ,2.5,"Since each ideas were built off from the evidences, I believe the source materials were strategically used. ",1,There were some mentioning regarding the past but only the beginning when explaining the reason why Shakespeare writes the way he did. ,NA,,NA,,,Noah,6
6/1/2026 0:17:21,English,76247,F21,DC151237,Late,Final Paper,NA,,2,Sources were appropriate but not appropriate when it comes to quantity. ,3,All ideas were built off from the evidences. Hence most major points were covered. ,0,History was not really mentioned. ,NA,,NA,,,Noah,6
6/1/2026 0:26:07,English,76247,F21,DC399646,Late,Final Paper,NA,,2,"Appropriate sources, but not appropriate quantity. ",3,"Major points were covered by the evidences and the author took an extra step to do analysis based on the info, filling in any possible gaps. ",0,Does not mentions regarding past. ,NA,,NA,,,Noah,6
6/1/2026 0:39:48,English,76247,F21,DC581293,Late,Final Paper,NA,,2,Appropriate in context but not in quantity,2.5,Ideas were built off from the evidences and each ideas offer different perspectives. ,0,History was not mentioned. ,NA,,NA,,,Noah,6
6/1/2026 9:14:24,LCAL,82273,S22,DC969766,Early,Short Paper,2,"I don't think was very clearly articulated throughout the paper, as there was just a lot of description",2,Only sources listed in instructions are used,1,Not too much about the material itself to support analyses but rather felt like a listing and summary.,1,This portion was also unclear with few mentions on how it connects to the past.,0.5,I think there was more or less no mention on this portion,1,Student talks about their own thinking but rarely in mention to the traditions,I think the student onnly really covered the points in the instruction sheet but did not elaborate much to demonstrate mastery in the CXT rubrics,Henry,5
6/1/2026 9:36:44,LCAL,82273,S22,DC442301,Early,Short Paper,1.5,Somewhat vaguely mentioned ,2,Same as others,1.5,The main sources are talked about a lot but I'm not too sure if they necessarily supported the major points,1,Very vague with no mention of recent past,1.5,Multiple interpretations of traditions are mentioned but not thoroughly described.,1.5,Some personal connections but not very thorough or built upon.,Similar to the last paper only really covers the surface and feels more like a summary of sources rather than an analysis,Henry,6
5/28/2026 23:16:14,CMIST,84389,S26,DCF2430,Late,Short Paper,3,"The student identifies different approaches to weaken Viv Ansamn in Haiti and justifies how some approaches have been somewhat effective or weak against the Viv Ansamn, using multiple scholarly source material. ",NA,,NA,,0,"Since the Viv Ansamn was established within the past 20 years, the student did not talk about any other subject of study that was beyond the recent past. ",2,The student states that fragmentation has been one of the biggest concerns for Viv Ansamn and why that is the case based on the nature of fragmentation. However the student doesn't talk about how this tradition has changed over time generally speaking. ,NA,,,Jerry,3
5/26/2026 16:21:42,CMIST,84389,S26,DCF2432,Early,Short Paper,3,The student categorizes that the Sudanese Civil War should be examined as a civil war rather than a terrorism or insurgency campaign and explains their reasons for categorizing it as such using relevant scholarly source material. ,NA,,NA,,0,"Since the Sudanese Civil War started more recently (less than 20 years ago), the student doesn't identify any other issue for analysis in relation to phenomena beyond the recent past.",2,The student identifies multiple theories/explanations for why the civil war might have started. However they don't describe how these theories/explanations have changed and/or developed over time. ,NA,,,Jerry,4
5/27/2026 10:35:26,CMIST,84389,S26,DCF2432,Late,Short Paper,3,"The student does a good job of explaining the different approaches used to stop the Sudanese Civil War. The student describes the limitations of these approaches and why nothing positive has happened from these methods, using scholarly source material to connect these factors. ",NA,,NA,,0,"Due to the fact that the Sudanese Civil War only started after the pandemic, the student doesn't mention any other subject of study that is beyond the recent past. ",2,The student uses the civil war theory to talk about the reasons for why there has been no progress in solving the Sudanese Civil War at the moment. However the student does not go further into how this theory have changed or developed over time.,NA,,,Jerry,4
6/1/2026 21:23:32,LCAL,82273,S22,DC657660,Early,Short Paper,1.5,Vague but somewhat present,2,,2,Only sources used are mentioned throughout the paper,1.5,it was difficult to find any mention to the recent past. ,2.5,The traditions were mentioned throughout the paper but I think there could have been more detail,3,There were connections to student's thinking to the traditions,Overall I think this paper was more descriptive and did not cover too much on analysis that covered the CXT rubric,Henry,9
5/26/2026 17:04:32,CMIST,84389,S26,F25254,Early,Short Paper,3,The student clearly describes why the al Qaeda attacks on the US embassies should be considered terrorist acts rather than an insurgency or civil war using the definition of terrorism from relevant scholarly source materials to connect it to these attacks ,NA,,NA,,2,"The student select the al Qaeda attacks as the event that the student want to examine. These attacks happened in 1998 which is more than 20 years ago in relation to today. The student also goes into detail on the circumstances that led to these attacks, such as the US's role in the Middle East or ""Muslim lands"" in the early 1990s",2,The student provides a couple of explanations on why al Qaeda carried out these attacks on US embassies in 1998 but does not go further into how these explanations/theories have changed over time. ,NA,,,Jerry,5
5/27/2026 11:27:29,CMIST,84389,S26,F25254,Late,Short Paper,4,The student does a great job at explaining the different approaches that the US took to counter al-Qaeda and eliminate the organization after the 9/11 attacks. The student talks about the effectiveness of each of the US methods and the limitations of them as well. The student incorporates theories from different scholarly source materials to connect these factors to one another. ,NA,,NA,,3,"The student does a good job at talking about connecting how the 9/11 attacks in 2001 have shaped the events afterwards in the US targeting al-Qaeda and invading countries that support the group, but also talking about how the US counterterrorism have expanded terrorist groups and the jihadist ideology. ",3,"The student does a good job at explaining the idea of ""hearts and minds"" in conventional counterinsurgency doctrines but then talking about how that idea has changed in 2017 based on Jacqueline Hazelton's (an international security academic) ""Hearts and Minds’ Fallacy…”, where successful counterinsurgency campaigns often rely on coercion and violence rather than legitimacy alone according to Hazelton. ",NA,,,Jerry,9
5/19/2026 21:22:10,LCAL,82273,F24,DC863354,Late,Final Paper,2,"The student states the factors such as when, what, where at the beginning, but does not connect them to the body of the study.",1.5,"The student develops the article based on this Japanese movie, but I personally think he/she lacks outside source materials to support the major points.",2,"The student provides adequate information from the movie, but does not necessarily support all the major points.",1,The student points out the social phenomenon but does not expand topic or give further information on that.,1.5,The student did not mention clearly how has this way of thinking developed overtime.,2,The student give personal opinion in the article but connection between their thinking and the tradition is limited.,,Grace,12
6/16/2026 21:50:47,Business,70334,S26,DC711314,Early,Paper,3,Good,3,Good sources were used,3,Good,,,1.5,Implied but not backed up,,,,Henry,9
6/16/2026 22:06:05,Business,70334,S26,DCF24217,Early,Paper,2.5,,3,,3,,,,,,1,,,Henry,9
6/16/2026 22:14:34,Business,70334,S26,DC130856,Early,Paper,2.5,,2,Not as much sources compared to other artifacts of same assignment,2.5,,NA,,1,Barely any mentions on the development of thinking,NA,,,Henry,8
6/16/2026 22:35:29,Business,70334,S26,DCF2490,Early,Paper,2.5,Explores a variety of factors,3,,2.5,,,,,,1,vague,,Henry,9
6/16/2026 22:55:04,Business,70334,S26,DC711314,Late,Paper,2.5,,3,,3,,NA,,1,Vague,NA,,,Henry,9
6/17/2026 0:06:51,Business,70334,S26,DCF24217,Late,Paper,2.5,,3,Lots of sources,2.5,,NA,,1,Similarly vague,NA,,,Henry,8
6/17/2026 0:16:48,Business,70334,S26,DC130856,Late,Paper,3,,2,Only two sources used,2,,NA,,2,Brief but still somewhat mentioned,NA,,,Henry,8
6/17/2026 0:30:14,Business,70334,S26,DCF2490,Late,Paper,3.5,,3,,3,,NA,,1.5,,NA,,,Henry,9